employee_id,first_name,last_name,manager_id,is_manager,performance_self_form_required,performance_manager_form_required,full_name,gender,email,employee_id,image,department,role,base_salary,currency_code,currency,pay_period,bm_median,compa_ratio,performance_rating,performance,leave_impact_rating,leave_impact,tenure_months,raise_prev,bonus_prev,x_to_usd,x_to_monthly,x_to_yearly,is_elligible_tenure,is_elligible_performance,base_salary_yearly,base_salary_yearly_usd,attrition_risk_rating,attrition_risk,compensation_risk_rating,compensation_risk,raise_budget_usd,bonus_budget_usd,raise_prev_usd,bonus_prev_usd,raise,bonus,team,owner,group,final approver,include in scenario
11645,Karen,Williams,92551,,TRUE,TRUE,Karen Williams,Female,karen.williams@compete.com,11645,https://fake-demo-resources.competewith.com/Female/f19.png,Engineering,Tech Lead,14500,GBP,£,Monthly,11800,1.23,3,Exceeds expectations,2,Medium,14,0,0,1.24,1,12,TRUE,TRUE,174000,215760,2.8,Low,3,High,8630.4,21576,0,0,800,8700,R&D Management,amit@competewith.com,Management,,TRUE
59701,Jonathan,Wasserman,92551,TRUE,FALSE,TRUE,Jonathan Wasserman,Male,jonathan@competewith.com,59701,,Engineering,Software Engineer,29500,ILS,₪,Monthly,44000,0.67,3,Exceeds expectations,2,Medium,37,0,0,0.28,1,12,TRUE,TRUE,354000,99120,2.8,Low,3,High,3964.8,9912,0,0,1600,17700,R&D Management,amit@competewith.com,Management,,FALSE
79274,Margaret,Smith,92551,,TRUE,TRUE,Margaret Smith,Female,margaret.smith@compete.com,79274,https://fake-demo-resources.competewith.com/Female/f22.png,Engineering,QA Engineer,5000,GBP,£,Monthly,6100,0.82,2,Meets expectations,3,High,22,0,0,1.24,1,12,TRUE,TRUE,60000,74400,2.6,Low,3,High,2976,7440,0,0,250,6000,R&D Management,amit@competewith.com,Management,,TRUE
67153,Andrew,Miller,92551,,TRUE,TRUE,Andrew Miller,Male,andrew.miller@compete.com,67153,https://fake-demo-resources.competewith.com/Male/m21.png,Finance,Controller,116000,USD,$,Annual,116500,1,3,Exceeds expectations,2,Medium,31,0,0,1,0.08333333333,1,TRUE,TRUE,116000,116000,2.8,Low,3,High,4640,11600,0,0,3500,5800,Finance Management,amit@competewith.com,Management,,TRUE
85390,John,Anderson,92551,,TRUE,TRUE,John Anderson,Male,john.anderson@compete.com,85390,https://fake-demo-resources.competewith.com/Male/m42.png,Finance,Financial Analyst,17500,ILS,₪,Monthly,22900,0.76,3,Exceeds expectations,2,Medium,29,0,0,0.28,1,12,TRUE,TRUE,210000,58800,2.8,Low,3,High,2352,5880,0,0,800,10500,Finance Management,amit@competewith.com,Management,,TRUE
51452,Sarah,Short,92551,,TRUE,TRUE,Sarah Short,Female,sarah.short@compete.com,51452,https://fake-demo-resources.competewith.com/Female/f04.png,Finance,Accountant,23500,ILS,₪,Monthly,22500,1.04,3,Exceeds expectations,3,High,35,11000,57500,0.28,1,12,TRUE,TRUE,282000,78960,2.7,Low,2,Medium,3158.4,7896,3080,16100,1400,28200,Finance Management,amit@competewith.com,Management,,TRUE
91304,Jane,Johnson,92551,TRUE,TRUE,TRUE,Jane Johnson,Female,jane.johnson@compete.com,91304,https://fake-demo-resources.competewith.com/Female/f21.png,HR,HR Manager,29000,ILS,₪,Monthly,25600,1.13,1,Below expectations,3,High,28,0,0,0.28,1,12,TRUE,FALSE,348000,97440,2.2,Low,3,High,3897.6,9744,0,0,1450,34800,HR Management,amit@competewith.com,Management,,TRUE
59865,David,Jones,92551,TRUE,TRUE,TRUE,David Jones,Male,david.jones@compete.com,59865,https://fake-demo-resources.competewith.com/Male/m02.png,HR,HR Specialist,4000,GBP,£,Monthly,4800,0.83,2,Meets expectations,2,Medium,15,2000,0,1.24,1,12,TRUE,TRUE,48000,59520,2,Low,2,Medium,2380.8,5952,2480,0,200,2400,HR Management,amit@competewith.com,Management,,TRUE
77920,Laura,Brown,92551,TRUE,TRUE,TRUE,Laura Brown,Female,laura.brown@compete.com,77920,,HR,Recruiter,57000,USD,$,Annual,59800,0.95,1,Below expectations,1,Low,2,0,0,1,0.08333333333,1,FALSE,FALSE,57000,57000,1,Low,1,Low,2280,5700,0,0,0,0,HR Management,amit@competewith.com,Management,,TRUE
53299,Emily,Johnson,92551,TRUE,TRUE,TRUE,Emily Johnson,Female,emily.johnson@compete.com,53299,https://fake-demo-resources.competewith.com/Female/f05.png,Marketing,Content Manager,6000,EUR,€,Monthly,4400,1.36,3,Exceeds expectations,2,Medium,38,0,0,1.04,1,12,TRUE,TRUE,72000,74880,2.8,Low,3,High,2995.2,7488,0,0,150,3600,Marketing Mangement,amit@competewith.com,Management,,TRUE
58195,Emily,Jones,92551,TRUE,TRUE,TRUE,Emily Jones,Female,emily.jones@compete.com,58195,https://fake-demo-resources.competewith.com/Female/f19.png,Marketing,Marketing Specialist,6500,EUR,€,Monthly,5300,1.23,3,Exceeds expectations,2,Medium,37,0,0,1.04,1,12,TRUE,TRUE,78000,81120,2.8,Low,3,High,3244.8,8112,0,0,350,3900,Marketing Mangement,amit@competewith.com,Management,,TRUE
69229,Tom,Davis,92551,TRUE,TRUE,TRUE,Tom Davis,Male,tom.davis@compete.com,69229,https://fake-demo-resources.competewith.com/Male/m05.png,Marketing,SEO Analyst,80000,USD,$,Annual,75300,1.06,3,Exceeds expectations,3,High,44,36000,0,1,0.08333333333,1,TRUE,TRUE,80000,80000,2.7,Low,2,Medium,3200,8000,36000,0,3600,8000,Marketing Mangement,amit@competewith.com,Management,,TRUE
25213,Robert,Davis,92551,,TRUE,TRUE,Robert Davis,Male,robert.davis@compete.com,25213,https://fake-demo-resources.competewith.com/Male/m02.png,Product,UX Researcher,9500,GBP,£,Monthly,9200,1.03,3,Exceeds expectations,2,Medium,25,0,0,1.24,1,12,TRUE,TRUE,114000,141360,2.8,Low,3,High,5654.4,14136,0,0,500,5700,Product Management,amit@competewith.com,Management,,TRUE
44382,Kimberly,Brown,92551,,TRUE,TRUE,Kimberly Brown,Female,kimberly.brown@compete.com,44382,https://fake-demo-resources.competewith.com/Female/f03.png,Product,Product Manager,104500,USD,$,Annual,94800,1.1,3,Exceeds expectations,2,Medium,2,0,0,1,0.08333333333,1,FALSE,TRUE,104500,104500,2.1,Low,1,Low,4180,10450,0,0,5250,5225,Product Management,amit@competewith.com,Management,,TRUE
86256,Laura,Davis,92551,TRUE,TRUE,TRUE,Laura Davis,Female,laura.davis@compete.com,86256,https://fake-demo-resources.competewith.com/Female/f01.png,Product,Product Designer,38000,ILS,₪,Monthly,25300,1.5,3,Exceeds expectations,2,Medium,25,0,0,0.28,1,12,TRUE,TRUE,456000,127680,2.8,Low,3,High,5107.2,12768,0,0,1900,22800,Product Management,amit@competewith.com,Management,,TRUE
15448,Michelle,Miller,92551,,TRUE,TRUE,Michelle Miller,Female,michelle.miller@compete.com,15448,,Sales,Sales Manager,7500,GBP,£,Monthly,7000,1.07,3,Exceeds expectations,2,Medium,8,0,0,1.24,1,12,TRUE,TRUE,90000,111600,2.8,Low,3,High,4464,11160,0,0,400,4500,Sales Management,amit@competewith.com,Management,,TRUE
62463,Karen,Miller,92551,,TRUE,TRUE,Karen Miller,Female,karen.miller@compete.com,62463,,Sales,SDR,5000,EUR,€,Monthly,4200,1.19,3,Exceeds expectations,2,Medium,18,0,0,1.04,1,12,TRUE,TRUE,60000,62400,2.8,Low,3,High,2496,6240,0,0,350,3000,Sales Management,amit@competewith.com,Management,,TRUE
83819,Anna,Long,92551,,TRUE,TRUE,Anna Long,Female,anna.long@compete.com,83819,,Sales,Account Executive,8000,EUR,€,Monthly,5600,1.43,3,Exceeds expectations,2,Medium,23,0,0,1.04,1,12,TRUE,TRUE,96000,99840,2.8,Low,3,High,3993.6,9984,0,0,350,4800,Sales Management,amit@competewith.com,Management,,TRUE
93190,Laura,Smith,75110,,TRUE,TRUE,Laura Smith,Female,laura.smith@compete.com,93190,https://fake-demo-resources.competewith.com/Female/f20.png,Sales,SDR,4500,EUR,€,Monthly,4600,0.98,3,Exceeds expectations,2,Medium,22,0,0,1.04,1,12,TRUE,TRUE,54000,56160,2.8,Low,3,High,2246.4,5616,0,0,200,2700,SDR,anna.miller@compete.com,Sales,,TRUE
52319,Mark,Johnson,75110,,TRUE,TRUE,Mark Johnson,Male,mark.johnson@compete.com,52319,https://fake-demo-resources.competewith.com/Male/m20.png,Sales,SDR,3500,EUR,€,Monthly,4100,0.85,2,Meets expectations,3,High,27,0,0,1.04,1,12,TRUE,TRUE,42000,43680,2.6,Low,3,High,1747.2,4368,0,0,200,4200,SDR,anna.miller@compete.com,Sales,,TRUE
62064,Mark,Williams,75110,,TRUE,TRUE,Mark Williams,Male,mark.williams@compete.com,62064,,Sales,SDR,5500,EUR,€,Monthly,4200,1.31,3,Exceeds expectations,2,Medium,7,3000,0,1.04,1,12,FALSE,TRUE,66000,68640,2.4,Low,2,Medium,2745.6,6864,3120,0,250,3300,SDR,anna.miller@compete.com,Sales,,TRUE
19707,Anna,White,75110,,TRUE,TRUE,Anna White,Female,anna.white@compete.com,19707,https://fake-demo-resources.competewith.com/Female/f24.png,Sales,SDR,4000,EUR,€,Monthly,4300,0.93,2,Meets expectations,2,Medium,20,0,0,1.04,1,12,TRUE,TRUE,48000,49920,2.4,Low,3,High,1996.8,4992,0,0,200,2400,SDR,anna.miller@compete.com,Sales,,TRUE
53790,Chris,Brown,75110,,TRUE,TRUE,Chris Brown,Male,chris.brown@compete.com,53790,https://fake-demo-resources.competewith.com/Male/m18.png,Sales,SDR,23000,ILS,₪,Monthly,18900,1.22,2,Meets expectations,2,Medium,39,0,0,0.28,1,12,TRUE,TRUE,276000,77280,2.4,Low,3,High,3091.2,7728,0,0,1150,13800,SDR,anna.miller@compete.com,Sales,,TRUE
86070,Chris,Miller,75110,,TRUE,TRUE,Chris Miller,Male,chris.miller@compete.com,86070,https://fake-demo-resources.competewith.com/Male/m32.png,Sales,SDR,52000,USD,$,Annual,62100,0.84,2,Meets expectations,2,Medium,18,0,0,1,0.08333333333,1,TRUE,TRUE,52000,52000,2.4,Low,3,High,2080,5200,0,0,2600,2600,SDR,anna.miller@compete.com,Sales,,TRUE
99681,Emily,Wilson,75110,,TRUE,TRUE,Emily Wilson,Female,emily.wilson@compete.com,99681,https://fake-demo-resources.competewith.com/Female/f10.png,Sales,SDR,4500,EUR,€,Monthly,4300,1.05,2,Meets expectations,2,Medium,8,0,0,1.04,1,12,TRUE,TRUE,54000,56160,2.4,Low,3,High,2246.4,5616,0,0,150,2700,SDR,anna.miller@compete.com,Sales,,TRUE
55531,Emily,Davis,75110,,TRUE,TRUE,Emily Davis,Female,emily.davis@compete.com,55531,https://fake-demo-resources.competewith.com/Female/f17.png,Sales,SDR,77500,USD,$,Annual,66300,1.17,1,Below expectations,3,High,30,0,0,1,0.08333333333,1,TRUE,FALSE,77500,77500,2.2,Low,3,High,3100,7750,0,0,4650,7750,SDR,anna.miller@compete.com,Sales,,TRUE
85881,Angela,Jones,75110,,TRUE,TRUE,Angela Jones,Female,angela.jones@compete.com,85881,https://fake-demo-resources.competewith.com/Female/f07.png,Sales,SDR,16000,ILS,₪,Monthly,18400,0.87,2,Meets expectations,3,High,14,6000,0,0.28,1,12,TRUE,TRUE,192000,53760,2.3,Low,2,Medium,2150.4,5376,1680,0,550,19200,SDR,anna.miller@compete.com,Sales,,TRUE
73227,Michael,Robinson,75110,,TRUE,TRUE,Michael Robinson,Male,michael.robinson@compete.com,73227,https://fake-demo-resources.competewith.com/Male/m46.png,Sales,SDR,52500,USD,$,Annual,68100,0.77,2,Meets expectations,2,Medium,36,0,10000,1,0.08333333333,1,TRUE,TRUE,52500,52500,2,Low,2,Medium,2100,5250,0,10000,2350,2625,SDR,anna.miller@compete.com,Sales,,TRUE
98565,Carolyn,Williams,75110,,TRUE,TRUE,Carolyn Williams,Female,carolyn.williams@compete.com,98565,,Sales,SDR,77000,USD,$,Annual,61500,1.25,1,Below expectations,3,High,34,26000,12500,1,0.08333333333,1,TRUE,FALSE,77000,77000,1.9,Low,2,Medium,3080,7700,26000,12500,1950,7700,SDR,anna.miller@compete.com,Sales,,TRUE
58984,David,James,40746,,TRUE,TRUE,David James,Male,david.james@compete.com,58984,https://fake-demo-resources.competewith.com/Male/m28.png,Sales,Account Executive,20000,ILS,₪,Monthly,21500,0.93,3,Exceeds expectations,2,Medium,31,0,0,0.28,1,12,TRUE,TRUE,240000,67200,2.8,Low,3,High,2688,6720,0,0,700,12000,Sales,anna.williams@compete.com,Sales,,TRUE
52926,Anna,Johnson,40746,,TRUE,TRUE,Anna Johnson,Female,anna.johnson@compete.com,52926,https://fake-demo-resources.competewith.com/Female/f08.png,Sales,Account Executive,7500,EUR,€,Monthly,5700,1.32,2,Meets expectations,3,High,22,0,0,1.04,1,12,TRUE,TRUE,90000,93600,2.6,Low,3,High,3744,9360,0,0,400,9000,Sales,anna.williams@compete.com,Sales,,TRUE
69865,Betty,Brown,40746,,TRUE,TRUE,Betty Brown,Female,betty.brown@compete.com,69865,https://fake-demo-resources.competewith.com/Female/f11.png,Sales,Account Executive,20000,ILS,₪,Monthly,18600,1.08,3,Exceeds expectations,2,Medium,36,8000,0,0.28,1,12,TRUE,TRUE,240000,67200,2.4,Low,2,Medium,2688,6720,2240,0,900,12000,Sales,anna.williams@compete.com,Sales,,TRUE
65366,Ruth,Brown,40746,,TRUE,TRUE,Ruth Brown,Female,ruth.brown@compete.com,65366,,Sales,Account Executive,18000,ILS,₪,Monthly,21200,0.85,2,Meets expectations,2,Medium,19,0,0,0.28,1,12,TRUE,TRUE,216000,60480,2.4,Low,3,High,2419.2,6048,0,0,900,10800,Sales,anna.williams@compete.com,Sales,,TRUE
15951,Kimberly,Wilson,40746,,TRUE,TRUE,Kimberly Wilson,Female,kimberly.wilson@compete.com,15951,,Sales,Account Executive,4000,GBP,£,Monthly,6100,0.66,1,Below expectations,3,High,29,0,0,1.24,1,12,TRUE,FALSE,48000,59520,2.2,Low,3,High,2380.8,5952,0,0,200,4800,Sales,anna.williams@compete.com,Sales,,TRUE
25464,Jacob,Williams,40746,,TRUE,TRUE,Jacob Williams,Male,jacob.williams@compete.com,25464,https://fake-demo-resources.competewith.com/Male/m08.png,Sales,Account Executive,7500,GBP,£,Monthly,6200,1.21,1,Below expectations,3,High,6,0,0,1.24,1,12,FALSE,FALSE,90000,111600,2.2,Low,3,High,4464,11160,0,0,400,9000,Sales,anna.williams@compete.com,Sales,,TRUE
78547,Edward,Williams,40746,,TRUE,TRUE,Edward Williams,Male,edward.williams@compete.com,78547,https://fake-demo-resources.competewith.com/Male/m31.png,Sales,Account Executive,72000,USD,$,Annual,73600,0.98,1,Below expectations,3,High,44,0,0,1,0.08333333333,1,TRUE,FALSE,72000,72000,2.2,Low,3,High,2880,7200,0,0,3600,7200,Sales,anna.williams@compete.com,Sales,,TRUE
11064,David,Moore,40746,,TRUE,TRUE,David Moore,Male,david.moore@compete.com,11064,https://fake-demo-resources.competewith.com/Male/m39.png,Sales,Account Executive,24500,ILS,₪,Monthly,22400,1.09,2,Meets expectations,1,Low,13,0,0,0.28,1,12,TRUE,TRUE,294000,82320,2.1,Low,3,High,3292.8,8232,0,0,1600,0,Sales,anna.williams@compete.com,Sales,,TRUE
77938,Jessica,Davis,40746,,TRUE,TRUE,Jessica Davis,Female,jessica.davis@compete.com,77938,https://fake-demo-resources.competewith.com/Female/f17.png,Sales,Account Executive,4000,EUR,€,Monthly,5800,0.69,2,Meets expectations,1,Low,11,0,0,1.04,1,12,TRUE,TRUE,48000,49920,2.1,Low,3,High,1996.8,4992,0,0,150,0,Sales,anna.williams@compete.com,Sales,,TRUE
43936,John,Williams,40746,,TRUE,TRUE,John Williams,Male,john.williams@compete.com,43936,https://fake-demo-resources.competewith.com/Male/m01.png,Sales,Account Executive,6500,EUR,€,Monthly,5900,1.1,2,Meets expectations,2,Medium,7,2000,0,1.04,1,12,FALSE,TRUE,78000,81120,2,Low,2,Medium,3244.8,8112,2080,0,350,3900,Sales,anna.williams@compete.com,Sales,,TRUE
57076,Jessica,Johnson,40746,,TRUE,TRUE,Jessica Johnson,Female,jessica.johnson@compete.com,57076,https://fake-demo-resources.competewith.com/Female/f04.png,Sales,Account Executive,4500,EUR,€,Monthly,6200,0.73,1,Below expectations,3,High,12,1000,0,1.04,1,12,TRUE,FALSE,54000,56160,1.9,Low,2,Medium,2246.4,5616,1040,0,50,5400,Sales,anna.williams@compete.com,Sales,,TRUE
86577,David,Anderson,40746,,TRUE,TRUE,David Anderson,Male,david.anderson@compete.com,86577,https://fake-demo-resources.competewith.com/Male/m35.png,Sales,Account Executive,5000,EUR,€,Monthly,5900,0.85,1,Below expectations,3,High,21,2000,7500,1.04,1,12,TRUE,FALSE,60000,62400,1.9,Low,2,Medium,2496,6240,2080,7800,150,6000,Sales,anna.williams@compete.com,Sales,,TRUE
56386,Chris,Wilson,59865,,TRUE,TRUE,Chris Wilson,Male,chris.wilson@compete.com,56386,https://fake-demo-resources.competewith.com/Male/m01.png,HR,HR Specialist,60500,USD,$,Annual,58400,1.04,3,Exceeds expectations,2,Medium,27,27000,0,1,0.08333333333,1,TRUE,TRUE,60500,60500,2.4,Low,2,Medium,2420,6050,27000,0,3350,3025,HR,david.jones@compete.com,HR,,TRUE
69195,David,Miller,59865,,TRUE,TRUE,David Miller,Male,david.miller@compete.com,69195,https://fake-demo-resources.competewith.com/Male/m03.png,HR,HR Specialist,6500,GBP,£,Monthly,5200,1.25,3,Exceeds expectations,2,Medium,43,2000,12500,1.24,1,12,TRUE,TRUE,78000,96720,2.4,Low,2,Medium,3868.8,9672,2480,15500,200,3900,HR,david.jones@compete.com,HR,,TRUE
40746,Anna,Williams,59865,TRUE,TRUE,TRUE,Anna Williams,Female,anna.williams@compete.com,40746,https://fake-demo-resources.competewith.com/Female/f08.png,HR,HR Specialist,6500,EUR,€,Monthly,6800,0.96,2,Meets expectations,2,Medium,19,0,0,1.04,1,12,TRUE,TRUE,78000,81120,2.4,Low,3,High,3244.8,8112,0,0,300,3900,HR,david.jones@compete.com,HR,,TRUE
14339,Chris,Johnson,59865,,TRUE,TRUE,Chris Johnson,Male,chris.johnson@compete.com,14339,https://fake-demo-resources.competewith.com/Male/m35.png,HR,HR Specialist,67500,USD,$,Annual,61900,1.09,2,Meets expectations,3,High,42,31000,0,1,0.08333333333,1,TRUE,TRUE,67500,67500,2.3,Low,2,Medium,2700,6750,31000,0,3400,6750,HR,david.jones@compete.com,HR,,TRUE
40404,Michelle,Brown,59865,,TRUE,TRUE,Michelle Brown,Female,michelle.brown@compete.com,40404,https://fake-demo-resources.competewith.com/Female/f22.png,HR,HR Specialist,18500,ILS,₪,Monthly,18000,1.03,2,Meets expectations,2,Medium,19,4000,0,0.28,1,12,TRUE,TRUE,222000,62160,2,Low,2,Medium,2486.4,6216,1120,0,450,11100,HR,david.jones@compete.com,HR,,TRUE
14080,Larry,Williams,53299,,TRUE,TRUE,Larry Williams,Male,larry.williams@compete.com,14080,https://fake-demo-resources.competewith.com/Male/m08.png,Marketing,Content Manager,19000,ILS,₪,Monthly,17500,1.09,3,Exceeds expectations,2,Medium,47,0,0,0.28,1,12,TRUE,TRUE,228000,63840,2.8,Low,3,High,2553.6,6384,0,0,950,11400,Marketing,emily.johnson@compete.com,Marketing,,TRUE
76606,Ronald,Smith,53299,,TRUE,TRUE,Ronald Smith,Male,ronald.smith@compete.com,76606,https://fake-demo-resources.competewith.com/Male/m54.png,Marketing,Content Manager,70000,USD,$,Annual,66800,1.05,3,Exceeds expectations,2,Medium,36,0,0,1,0.08333333333,1,TRUE,TRUE,70000,70000,2.8,Low,3,High,2800,7000,0,0,3850,3500,Marketing,emily.johnson@compete.com,Marketing,,TRUE
11714,Jane,Davis,53299,,TRUE,TRUE,Jane Davis,Female,jane.davis@compete.com,11714,https://fake-demo-resources.competewith.com/Female/f25.png,Marketing,Content Manager,5000,GBP,£,Monthly,5100,0.98,3,Exceeds expectations,3,High,53,1000,7500,1.24,1,12,TRUE,TRUE,60000,74400,2.7,Low,2,Medium,2976,7440,1240,9300,250,6000,Marketing,emily.johnson@compete.com,Marketing,,TRUE
64791,Sarah,Jones,53299,,TRUE,TRUE,Sarah Jones,Female,sarah.jones@compete.com,64791,,Marketing,Content Manager,14500,ILS,₪,Monthly,16100,0.9,2,Meets expectations,2,Medium,29,0,0,0.28,1,12,TRUE,TRUE,174000,48720,2.4,Low,3,High,1948.8,4872,0,0,800,8700,Marketing,emily.johnson@compete.com,Marketing,,TRUE
29745,John,Brown,53299,,TRUE,TRUE,John Brown,Male,john.brown@compete.com,29745,,Marketing,Content Manager,3000,EUR,€,Monthly,4400,0.68,2,Meets expectations,3,High,9,0,7500,1.04,1,12,TRUE,TRUE,36000,37440,2.3,Low,2,Medium,1497.6,3744,0,7800,200,3600,Marketing,emily.johnson@compete.com,Marketing,,TRUE
43746,Pamela,Wilson,53299,,TRUE,TRUE,Pamela Wilson,Female,pamela.wilson@compete.com,43746,,Marketing,Content Manager,20000,ILS,₪,Monthly,16300,1.23,2,Meets expectations,1,Low,25,0,0,0.28,1,12,TRUE,TRUE,240000,67200,2.1,Low,3,High,2688,6720,0,0,1100,0,Marketing,emily.johnson@compete.com,Marketing,,TRUE
32916,Chris,Harris,53299,,TRUE,TRUE,Chris Harris,Male,chris.harris@compete.com,32916,https://fake-demo-resources.competewith.com/Male/m32.png,Marketing,Content Manager,14500,ILS,₪,Monthly,17800,0.81,2,Meets expectations,2,Medium,27,0,22500,0.28,1,12,TRUE,TRUE,174000,48720,2,Low,2,Medium,1948.8,4872,0,6300,200,8700,Marketing,emily.johnson@compete.com,Marketing,,TRUE
25316,Barbara,Johnson,58195,,TRUE,TRUE,Barbara Johnson,Female,barbara.johnson@compete.com,25316,,Marketing,Marketing Specialist,6000,GBP,£,Monthly,5200,1.15,2,Meets expectations,3,High,24,0,0,1.24,1,12,TRUE,TRUE,72000,89280,2.6,Low,3,High,3571.2,8928,0,0,300,7200,Marketing,emily.jones@compete.com,Marketing,,TRUE
32648,Robert,Williams,58195,,TRUE,TRUE,Robert Williams,Male,robert.williams@compete.com,32648,https://fake-demo-resources.competewith.com/Male/m26.png,Marketing,Marketing Specialist,5500,GBP,£,Monthly,5400,1.02,2,Meets expectations,3,High,60,0,0,1.24,1,12,TRUE,TRUE,66000,81840,2.6,Low,3,High,3273.6,8184,0,0,300,6600,Marketing,emily.jones@compete.com,Marketing,,TRUE
67549,Maria,Johnson,58195,,TRUE,TRUE,Maria Johnson,Female,maria.johnson@compete.com,67549,https://fake-demo-resources.competewith.com/Female/f04.png,Marketing,Marketing Specialist,23000,ILS,₪,Monthly,19900,1.16,3,Exceeds expectations,3,High,16,3000,0,0.28,1,12,TRUE,TRUE,276000,77280,2.7,Low,2,Medium,3091.2,7728,840,0,450,27600,Marketing,emily.jones@compete.com,Marketing,,TRUE
20156,Joshua,Brown,58195,,TRUE,TRUE,Joshua Brown,Male,joshua.brown@compete.com,20156,,Marketing,Marketing Specialist,15000,ILS,₪,Monthly,23700,0.63,3,Exceeds expectations,1,Low,29,0,0,0.28,1,12,TRUE,TRUE,180000,50400,2.5,Low,3,High,2016,5040,0,0,450,0,Marketing,emily.jones@compete.com,Marketing,,TRUE
23198,Michael,Jones,58195,,TRUE,TRUE,Michael Jones,Male,michael.jones@compete.com,23198,https://fake-demo-resources.competewith.com/Male/m07.png,Marketing,Marketing Specialist,6000,GBP,£,Monthly,5100,1.18,3,Exceeds expectations,1,Low,47,0,0,1.24,1,12,TRUE,TRUE,72000,89280,2.5,Low,3,High,3571.2,8928,0,0,200,0,Marketing,emily.jones@compete.com,Marketing,,TRUE
28856,Chris,Robinson,58195,,TRUE,TRUE,Chris Robinson,Male,chris.robinson@compete.com,28856,https://fake-demo-resources.competewith.com/Male/m21.png,Marketing,Marketing Specialist,5000,GBP,£,Monthly,5200,0.96,2,Meets expectations,2,Medium,29,0,0,1.24,1,12,TRUE,TRUE,60000,74400,2.4,Low,3,High,2976,7440,0,0,150,3000,Marketing,emily.jones@compete.com,Marketing,,TRUE
33598,John,Harris,58195,,TRUE,TRUE,John Harris,Male,john.harris@compete.com,33598,https://fake-demo-resources.competewith.com/Male/m12.png,Marketing,Marketing Specialist,5000,GBP,£,Monthly,5900,0.85,2,Meets expectations,2,Medium,35,0,0,1.24,1,12,TRUE,TRUE,60000,74400,2.4,Low,3,High,2976,7440,0,0,250,3000,Marketing,emily.jones@compete.com,Marketing,,TRUE
69256,Jacob,Johnson,58195,,TRUE,TRUE,Jacob Johnson,Male,jacob.johnson@compete.com,69256,https://fake-demo-resources.competewith.com/Male/m14.png,Marketing,Marketing Specialist,4000,EUR,€,Monthly,4800,0.83,2,Meets expectations,2,Medium,8,2000,0,1.04,1,12,TRUE,TRUE,48000,49920,2,Low,2,Medium,1996.8,4992,2080,0,200,2400,Marketing,emily.jones@compete.com,Marketing,,TRUE
98250,Sarah,Harris,58195,,TRUE,TRUE,Sarah Harris,Female,sarah.harris@compete.com,98250,,Marketing,Marketing Specialist,72000,USD,$,Annual,66900,1.08,2,Meets expectations,2,Medium,22,18000,0,1,0.08333333333,1,TRUE,TRUE,72000,72000,2,Low,2,Medium,2880,7200,18000,0,2500,3600,Marketing,emily.jones@compete.com,Marketing,,TRUE
98074,Samuel,Wilson,58195,,TRUE,TRUE,Samuel Wilson,Male,samuel.wilson@compete.com,98074,https://fake-demo-resources.competewith.com/Male/m37.png,Marketing,Marketing Specialist,27500,ILS,₪,Monthly,22100,1.24,1,Below expectations,2,Medium,23,0,0,0.28,1,12,TRUE,FALSE,330000,92400,2,Low,3,High,3696,9240,0,0,400,16500,Marketing,emily.jones@compete.com,Marketing,,TRUE
65155,Sandra,Wilson,58195,,TRUE,TRUE,Sandra Wilson,Female,sandra.wilson@compete.com,65155,https://fake-demo-resources.competewith.com/Female/f03.png,Marketing,Marketing Specialist,21500,ILS,₪,Monthly,19700,1.09,1,Below expectations,2,Medium,30,4000,0,0.28,1,12,TRUE,FALSE,258000,72240,1.6,Low,2,Medium,2889.6,7224,1120,0,450,12900,Marketing,emily.jones@compete.com,Marketing,,TRUE
34832,John,Wilson,91304,TRUE,TRUE,TRUE,John Wilson,Male,john.wilson@compete.com,34832,https://fake-demo-resources.competewith.com/Male/m36.png,HR,HR Manager,6500,GBP,£,Monthly,6600,0.98,3,Exceeds expectations,3,High,16,0,0,1.24,1,12,TRUE,TRUE,78000,96720,3,Low,3,High,3868.8,9672,0,0,350,7800,HR,jane.johnson@compete.com,HR,,TRUE
43710,Anna,Brown,91304,,TRUE,TRUE,Anna Brown,Female,anna.brown@compete.com,43710,https://fake-demo-resources.competewith.com/Female/f13.png,HR,HR Manager,22500,ILS,₪,Monthly,27100,0.83,3,Exceeds expectations,1,Low,25,0,0,0.28,1,12,TRUE,TRUE,270000,75600,2.5,Low,3,High,3024,7560,0,0,1450,0,HR,jane.johnson@compete.com,HR,,TRUE
24139,Jane,Wilson,91304,,TRUE,TRUE,Jane Wilson,Female,jane.wilson@compete.com,24139,https://fake-demo-resources.competewith.com/Female/f01.png,HR,HR Manager,9000,EUR,€,Monthly,8100,1.11,3,Exceeds expectations,2,Medium,31,3000,0,1.04,1,12,TRUE,TRUE,108000,112320,2.4,Low,2,Medium,4492.8,11232,3120,0,500,5400,HR,jane.johnson@compete.com,HR,,TRUE
91081,Jack,Johnson,91304,,TRUE,TRUE,Jack Johnson,Male,jack.johnson@compete.com,91081,https://fake-demo-resources.competewith.com/Male/m20.png,HR,HR Manager,98000,USD,$,Annual,106600,0.92,3,Exceeds expectations,2,Medium,32,24000,10000,1,0.08333333333,1,TRUE,TRUE,98000,98000,2.4,Low,2,Medium,3920,9800,24000,10000,6350,4900,HR,jane.johnson@compete.com,HR,,TRUE
39793,Nicole,Smith,91304,,TRUE,TRUE,Nicole Smith,Female,nicole.smith@compete.com,39793,https://fake-demo-resources.competewith.com/Female/f02.png,HR,HR Manager,33500,ILS,₪,Monthly,27600,1.21,2,Meets expectations,2,Medium,27,0,0,0.28,1,12,TRUE,TRUE,402000,112560,2.4,Low,3,High,4502.4,11256,0,0,2000,20100,HR,jane.johnson@compete.com,HR,,TRUE
59481,Sarah,Wilson,91304,,TRUE,TRUE,Sarah Wilson,Female,sarah.wilson@compete.com,59481,,HR,HR Manager,111000,USD,$,Annual,95700,1.16,2,Meets expectations,2,Medium,31,0,0,1,0.08333333333,1,TRUE,TRUE,111000,111000,2.4,Low,3,High,4440,11100,0,0,5000,5550,HR,jane.johnson@compete.com,HR,,TRUE
16556,Sandra,Davis,91304,,TRUE,TRUE,Sandra Davis,Female,sandra.davis@compete.com,16556,https://fake-demo-resources.competewith.com/Female/f20.png,HR,HR Manager,6000,GBP,£,Monthly,6300,0.95,1,Below expectations,3,High,21,0,0,1.24,1,12,TRUE,FALSE,72000,89280,2.2,Low,3,High,3571.2,8928,0,0,300,7200,HR,jane.johnson@compete.com,HR,,TRUE
94187,Tom,Thompson,91304,,TRUE,TRUE,Tom Thompson,Male,tom.thompson@compete.com,94187,,HR,HR Manager,6500,EUR,€,Monthly,7400,0.88,2,Meets expectations,2,Medium,27,3000,0,1.04,1,12,TRUE,TRUE,78000,81120,2,Low,2,Medium,3244.8,8112,3120,0,250,3900,HR,jane.johnson@compete.com,HR,,TRUE
96990,Debra,Wilson,91304,,TRUE,TRUE,Debra Wilson,Female,debra.wilson@compete.com,96990,https://fake-demo-resources.competewith.com/Female/f26.png,HR,HR Manager,87500,USD,$,Annual,104000,0.84,1,Below expectations,3,High,22,21000,0,1,0.08333333333,1,TRUE,FALSE,87500,87500,1.9,Low,2,Medium,3500,8750,21000,0,1300,8750,HR,jane.johnson@compete.com,HR,,TRUE
96845,Tom,Brown,91304,,TRUE,TRUE,Tom Brown,Male,tom.brown@compete.com,96845,https://fake-demo-resources.competewith.com/Male/m16.png,HR,HR Manager,27000,ILS,₪,Monthly,29400,0.92,2,Meets expectations,1,Low,23,9000,0,0.28,1,12,TRUE,TRUE,324000,90720,1.8,Low,2,Medium,3628.8,9072,2520,0,1100,0,HR,jane.johnson@compete.com,HR,,TRUE
45018,Michael,Miller,60133,TRUE,FALSE,TRUE,Michael Miller,Male,michael.miller@compete.com,45018,https://fake-demo-resources.competewith.com/Male/m09.png,Engineering,Tech Lead,11000,EUR,€,Monthly,12800,0.86,3,Exceeds expectations,3,High,12,0,0,1.04,1,12,TRUE,TRUE,132000,137280,3,Low,3,High,5491.2,13728,0,0,600,13200,R&D,jane.williams@compete.com,Engineering,,TRUE
59539,Michael,Anderson,60133,,TRUE,TRUE,Michael Anderson,Male,michael.anderson@compete.com,59539,https://fake-demo-resources.competewith.com/Male/m48.png,Engineering,Tech Lead,174000,USD,$,Annual,177700,0.98,3,Exceeds expectations,2,Medium,21,0,0,1,0.08333333333,1,TRUE,TRUE,174000,174000,2.8,Low,3,High,6960,17400,0,0,8700,8700,R&D,jane.williams@compete.com,Engineering,,TRUE
27049,Jane,Miller,60133,,TRUE,TRUE,Jane Miller,Female,jane.miller@compete.com,27049,https://fake-demo-resources.competewith.com/Female/f05.png,Engineering,Tech Lead,44500,ILS,₪,Monthly,46600,0.95,2,Meets expectations,3,High,34,0,0,0.28,1,12,TRUE,TRUE,534000,149520,2.6,Low,3,High,5980.8,14952,0,0,2000,53400,R&D,jane.williams@compete.com,Engineering,,TRUE
19121,Michael,Smith,60133,,TRUE,TRUE,Michael Smith,Male,michael.smith@compete.com,19121,https://fake-demo-resources.competewith.com/Male/m31.png,Engineering,Tech Lead,9000,GBP,£,Monthly,10600,0.85,3,Exceeds expectations,2,Medium,38,0,20000,1.24,1,12,TRUE,TRUE,108000,133920,2.4,Low,2,Medium,5356.8,13392,0,24800,500,5400,R&D,jane.williams@compete.com,Engineering,,TRUE
60133,Jane,Williams,60133,TRUE,FALSE,TRUE,Jane Williams,Female,jane.williams@compete.com,60133,https://fake-demo-resources.competewith.com/Female/f09.png,Engineering,Tech Lead,30500,ILS,₪,Monthly,44200,0.69,3,Exceeds expectations,2,Medium,37,13000,57500,0.28,1,12,TRUE,TRUE,366000,102480,2.4,Low,2,Medium,4099.2,10248,3640,16100,1700,18300,R&D,jane.williams@compete.com,Engineering,,TRUE
64545,John,Smith,60133,,TRUE,TRUE,John Smith,Male,john.smith@compete.com,64545,https://fake-demo-resources.competewith.com/Male/m47.png,Engineering,Tech Lead,9500,GBP,£,Monthly,11900,0.8,3,Exceeds expectations,2,Medium,34,1000,0,1.24,1,12,TRUE,TRUE,114000,141360,2.4,Low,2,Medium,5654.4,14136,1240,0,450,5700,R&D,jane.williams@compete.com,Engineering,,TRUE
11378,John,Green,60133,,TRUE,TRUE,John Green,Male,john.green@compete.com,11378,https://fake-demo-resources.competewith.com/Male/m27.png,Engineering,Tech Lead,12000,GBP,£,Monthly,12100,0.99,2,Meets expectations,2,Medium,22,0,0,1.24,1,12,TRUE,TRUE,144000,178560,2.4,Low,3,High,7142.4,17856,0,0,600,7200,R&D,jane.williams@compete.com,Engineering,,TRUE
43877,Tom,Green,60133,,TRUE,TRUE,Tom Green,Male,tom.green@compete.com,43877,https://fake-demo-resources.competewith.com/Male/m22.png,Engineering,Tech Lead,174000,USD,$,Annual,155900,1.12,1,Below expectations,3,High,13,0,0,1,0.08333333333,1,TRUE,FALSE,174000,174000,2.2,Low,3,High,6960,17400,0,0,10450,17400,R&D,jane.williams@compete.com,Engineering,,TRUE
54335,Pamela,Brown,60133,,TRUE,TRUE,Pamela Brown,Female,pamela.brown@compete.com,54335,https://fake-demo-resources.competewith.com/Female/f11.png,Engineering,Tech Lead,167500,USD,$,Annual,156500,1.07,1,Below expectations,3,High,29,0,0,1,0.08333333333,1,TRUE,FALSE,167500,167500,2.2,Low,3,High,6700,16750,0,0,5850,16750,R&D,jane.williams@compete.com,Engineering,,TRUE
56752,Chris,Thompson,60133,,TRUE,TRUE,Chris Thompson,Male,chris.thompson@compete.com,56752,https://fake-demo-resources.competewith.com/Male/m04.png,Engineering,Tech Lead,50500,ILS,₪,Monthly,39200,1.29,2,Meets expectations,3,High,41,18000,0,0.28,1,12,TRUE,TRUE,606000,169680,2.3,Low,2,Medium,6787.2,16968,5040,0,1000,60600,R&D,jane.williams@compete.com,Engineering,,TRUE
64557,John,Black,60133,,TRUE,TRUE,John Black,Male,john.black@compete.com,64557,https://fake-demo-resources.competewith.com/Male/m11.png,Engineering,Tech Lead,10500,EUR,€,Monthly,12300,0.85,1,Below expectations,3,High,15,0,0,1.04,1,12,TRUE,FALSE,126000,131040,2.2,Low,3,High,5241.6,13104,0,0,200,12600,R&D,jane.williams@compete.com,Engineering,,TRUE
72486,Brandon,Johnson,60133,,TRUE,TRUE,Brandon Johnson,Male,brandon.johnson@compete.com,72486,,Engineering,Tech Lead,48500,ILS,₪,Monthly,42800,1.13,2,Meets expectations,3,High,3,24000,0,0.28,1,12,FALSE,TRUE,582000,162960,1.9,Low,1,Low,6518.4,16296,6720,0,1450,58200,R&D,jane.williams@compete.com,Engineering,,TRUE
94067,David,Davis,60133,,TRUE,TRUE,David Davis,Male,david.davis@compete.com,94067,https://fake-demo-resources.competewith.com/Male/m40.png,Engineering,Tech Lead,153500,USD,$,Annual,153800,1,1,Below expectations,2,Medium,8,0,0,1,0.08333333333,1,TRUE,FALSE,153500,153500,2,Low,3,High,6140,15350,0,0,6150,7675,R&D,jane.williams@compete.com,Engineering,,TRUE
56330,Laura,Harris,60133,,TRUE,TRUE,Laura Harris,Female,laura.harris@compete.com,56330,https://fake-demo-resources.competewith.com/Female/f14.png,Engineering,Tech Lead,14500,EUR,€,Monthly,11000,1.32,1,Below expectations,1,Low,15,0,0,1.04,1,12,TRUE,FALSE,174000,180960,1.7,Low,3,High,7238.4,18096,0,0,450,0,R&D,jane.williams@compete.com,Engineering,,TRUE
13493,Michael,Johnson,60133,,TRUE,TRUE,Michael Johnson,Male,michael.johnson@compete.com,13493,,Engineering,Tech Lead,12500,EUR,€,Monthly,11900,1.05,1,Below expectations,2,Medium,9,4000,0,1.04,1,12,TRUE,FALSE,150000,156000,1.6,Low,2,Medium,6240,15600,4160,0,450,7500,R&D,jane.williams@compete.com,Engineering,,TRUE
53097,John,Johnson,34832,,TRUE,TRUE,John Johnson,Male,john.johnson@compete.com,53097,https://fake-demo-resources.competewith.com/Male/m14.png,Finance,Financial Analyst,27500,ILS,₪,Monthly,20500,1.34,3,Exceeds expectations,2,Medium,16,0,0,0.28,1,12,TRUE,TRUE,330000,92400,2.8,Low,3,High,3696,9240,0,0,1400,16500,Finance,john.wilson@compete.com,Finance,,TRUE
80945,Jessica,Brown,34832,,TRUE,TRUE,Jessica Brown,Female,jessica.brown@compete.com,80945,https://fake-demo-resources.competewith.com/Female/f19.png,Finance,Financial Analyst,23000,ILS,₪,Monthly,23200,0.99,3,Exceeds expectations,2,Medium,45,0,0,0.28,1,12,TRUE,TRUE,276000,77280,2.8,Low,3,High,3091.2,7728,0,0,1050,13800,Finance,john.wilson@compete.com,Finance,,TRUE
14779,Jane,Smith,34832,,TRUE,TRUE,Jane Smith,Female,jane.smith@compete.com,14779,,Finance,Financial Analyst,5500,GBP,£,Monthly,5200,1.06,2,Meets expectations,3,High,25,0,0,1.24,1,12,TRUE,TRUE,66000,81840,2.6,Low,3,High,3273.6,8184,0,0,300,6600,Finance,john.wilson@compete.com,Finance,,TRUE
35515,David,Brown,34832,,TRUE,TRUE,David Brown,Male,david.brown@compete.com,35515,https://fake-demo-resources.competewith.com/Male/m46.png,Finance,Financial Analyst,17000,ILS,₪,Monthly,23300,0.73,3,Exceeds expectations,3,High,47,2000,0,0.28,1,12,TRUE,TRUE,204000,57120,2.7,Low,2,Medium,2284.8,5712,560,0,750,20400,Finance,john.wilson@compete.com,Finance,,TRUE
29645,Edward,Miller,34832,,TRUE,TRUE,Edward Miller,Male,edward.miller@compete.com,29645,https://fake-demo-resources.competewith.com/Male/m43.png,Finance,Financial Analyst,25000,ILS,₪,Monthly,20600,1.21,3,Exceeds expectations,2,Medium,22,7000,0,0.28,1,12,TRUE,TRUE,300000,84000,2.4,Low,2,Medium,3360,8400,1960,0,750,15000,Finance,john.wilson@compete.com,Finance,,TRUE
70411,Rachel,Johnson,34832,,TRUE,TRUE,Rachel Johnson,Female,rachel.johnson@compete.com,70411,https://fake-demo-resources.competewith.com/Female/f24.png,Finance,Financial Analyst,5500,EUR,€,Monthly,4900,1.12,2,Meets expectations,2,Medium,26,0,0,1.04,1,12,TRUE,TRUE,66000,68640,2.4,Low,3,High,2745.6,6864,0,0,350,3300,Finance,john.wilson@compete.com,Finance,,TRUE
86849,Robert,Miller,34832,,TRUE,TRUE,Robert Miller,Male,robert.miller@compete.com,86849,https://fake-demo-resources.competewith.com/Male/m34.png,Finance,Financial Analyst,20500,ILS,₪,Monthly,22100,0.93,2,Meets expectations,2,Medium,21,0,0,0.28,1,12,TRUE,TRUE,246000,68880,2.4,Low,3,High,2755.2,6888,0,0,400,12300,Finance,john.wilson@compete.com,Finance,,TRUE
27003,Janet,Johnson,34832,,TRUE,TRUE,Janet Johnson,Female,janet.johnson@compete.com,27003,https://fake-demo-resources.competewith.com/Female/f11.png,Finance,Financial Analyst,7000,GBP,£,Monthly,5400,1.3,2,Meets expectations,3,High,6,2000,0,1.24,1,12,FALSE,TRUE,84000,104160,2.3,Low,2,Medium,4166.4,10416,2480,0,400,8400,Finance,john.wilson@compete.com,Finance,,TRUE
31084,Patrick,Wilson,34832,,TRUE,TRUE,Patrick Wilson,Male,patrick.wilson@compete.com,31084,https://fake-demo-resources.competewith.com/Male/m12.png,Finance,Financial Analyst,6500,GBP,£,Monthly,5400,1.2,2,Meets expectations,3,High,35,0,10000,1.24,1,12,TRUE,TRUE,78000,96720,2.3,Low,2,Medium,3868.8,9672,0,12400,400,7800,Finance,john.wilson@compete.com,Finance,,TRUE
41700,Dennis,Davis,34832,,TRUE,TRUE,Dennis Davis,Male,dennis.davis@compete.com,41700,https://fake-demo-resources.competewith.com/Male/m23.png,Finance,Financial Analyst,5000,GBP,£,Monthly,5900,0.85,1,Below expectations,3,High,22,0,0,1.24,1,12,TRUE,FALSE,60000,74400,2.2,Low,3,High,2976,7440,0,0,300,6000,Finance,john.wilson@compete.com,Finance,,TRUE
80700,Michael,Davis,34832,,TRUE,TRUE,Michael Davis,Male,michael.davis@compete.com,80700,https://fake-demo-resources.competewith.com/Male/m27.png,Finance,Financial Analyst,6000,GBP,£,Monthly,5300,1.13,2,Meets expectations,3,High,22,2000,0,1.24,1,12,TRUE,TRUE,72000,89280,2.3,Low,2,Medium,3571.2,8928,2480,0,100,7200,Finance,john.wilson@compete.com,Finance,,TRUE
92617,Emily,Smith,34832,,TRUE,TRUE,Emily Smith,Female,emily.smith@compete.com,92617,https://fake-demo-resources.competewith.com/Female/f25.png,Finance,Financial Analyst,4500,EUR,€,Monthly,5400,0.83,1,Below expectations,2,Medium,29,0,0,1.04,1,12,TRUE,FALSE,54000,56160,2,Low,3,High,2246.4,5616,0,0,150,2700,Finance,john.wilson@compete.com,Finance,,TRUE
80056,John,Davis,34832,,TRUE,TRUE,John Davis,Male,john.davis@compete.com,80056,,Finance,Financial Analyst,4500,GBP,£,Monthly,6000,0.75,1,Below expectations,3,High,7,2000,0,1.24,1,12,FALSE,FALSE,54000,66960,1.9,Low,2,Medium,2678.4,6696,2480,0,100,5400,Finance,john.wilson@compete.com,Finance,,TRUE
61024,Jeffrey,Brown,34832,,TRUE,TRUE,Jeffrey Brown,Male,jeffrey.brown@compete.com,61024,https://fake-demo-resources.competewith.com/Male/m53.png,Finance,Financial Analyst,5500,GBP,£,Monthly,6000,0.92,1,Below expectations,2,Medium,19,0,7500,1.24,1,12,TRUE,FALSE,66000,81840,1.6,Low,2,Medium,3273.6,8184,0,9300,200,3300,Finance,john.wilson@compete.com,Finance,,TRUE
67441,Michael,Wilson,59701,,TRUE,TRUE,Michael Wilson,Male,michael.wilson@compete.com,67441,https://fake-demo-resources.competewith.com/Male/m11.png,Engineering,Software Engineer,143000,USD,$,Annual,102500,1.4,3,Exceeds expectations,3,High,7,0,0,1,0.08333333333,1,FALSE,TRUE,143000,143000,3,Low,3,High,5720,14300,0,0,3600,14300,R&D,jonathan@competewith.com,Engineering,,TRUE
30094,Emily,Clark,59701,,TRUE,TRUE,Emily Clark,Female,emily.clark@compete.com,30094,https://fake-demo-resources.competewith.com/Female/f05.png,Engineering,Software Engineer,96500,USD,$,Annual,110500,0.87,3,Exceeds expectations,3,High,12,31000,0,1,0.08333333333,1,TRUE,TRUE,96500,96500,2.7,Low,2,Medium,3860,9650,31000,0,1950,9650,R&D,jonathan@competewith.com,Engineering,,TRUE
46898,Jane,Brown,59701,,TRUE,TRUE,Jane Brown,Female,jane.brown@compete.com,46898,https://fake-demo-resources.competewith.com/Female/f12.png,Engineering,Software Engineer,47000,ILS,₪,Monthly,45600,1.03,3,Exceeds expectations,1,Low,17,0,0,0.28,1,12,TRUE,TRUE,564000,157920,2.5,Low,3,High,6316.8,15792,0,0,2350,0,R&D,jonathan@competewith.com,Engineering,,TRUE
50003,Nicholas,Jones,59701,,TRUE,TRUE,Nicholas Jones,Male,nicholas.jones@compete.com,50003,https://fake-demo-resources.competewith.com/Male/m51.png,Engineering,Software Engineer,12000,EUR,€,Monthly,11400,1.05,3,Exceeds expectations,2,Medium,29,0,25000,1.04,1,12,TRUE,TRUE,144000,149760,2.4,Low,2,Medium,5990.4,14976,0,26000,650,7200,R&D,jonathan@competewith.com,Engineering,,TRUE
90756,Frank,Miller,59701,,TRUE,TRUE,Frank Miller,Male,frank.miller@compete.com,90756,https://fake-demo-resources.competewith.com/Male/m48.png,Engineering,Software Engineer,8500,EUR,€,Monthly,11800,0.72,3,Exceeds expectations,2,Medium,7,2000,0,1.04,1,12,FALSE,TRUE,102000,106080,2.4,Low,2,Medium,4243.2,10608,2080,0,300,5100,R&D,jonathan@competewith.com,Engineering,,TRUE
59354,Stephanie,Jones,59701,,TRUE,TRUE,Stephanie Jones,Female,stephanie.jones@compete.com,59354,https://fake-demo-resources.competewith.com/Female/f23.png,Engineering,Software Engineer,90500,USD,$,Annual,116200,0.78,2,Meets expectations,2,Medium,12,0,0,1,0.08333333333,1,TRUE,TRUE,90500,90500,2.4,Low,3,High,3620,9050,0,0,5000,4525,R&D,jonathan@competewith.com,Engineering,,TRUE
73903,Emily,Miller,59701,,TRUE,TRUE,Emily Miller,Female,emily.miller@compete.com,73903,https://fake-demo-resources.competewith.com/Female/f03.png,Engineering,Software Engineer,13500,EUR,€,Monthly,12000,1.13,2,Meets expectations,2,Medium,19,0,0,1.04,1,12,TRUE,TRUE,162000,168480,2.4,Low,3,High,6739.2,16848,0,0,700,8100,R&D,jonathan@competewith.com,Engineering,,TRUE
81211,Michael,Brown,59701,,TRUE,TRUE,Michael Brown,Male,michael.brown@compete.com,81211,https://fake-demo-resources.competewith.com/Male/m29.png,Engineering,Software Engineer,9000,GBP,£,Monthly,9100,0.99,2,Meets expectations,2,Medium,8,0,0,1.24,1,12,TRUE,TRUE,108000,133920,2.4,Low,3,High,5356.8,13392,0,0,400,5400,R&D,jonathan@competewith.com,Engineering,,TRUE
56583,Benjamin,Johnson,59701,,TRUE,TRUE,Benjamin Johnson,Male,benjamin.johnson@compete.com,56583,https://fake-demo-resources.competewith.com/Male/m49.png,Engineering,Software Engineer,40000,ILS,₪,Monthly,42300,0.95,1,Below expectations,3,High,17,0,0,0.28,1,12,TRUE,FALSE,480000,134400,2.2,Low,3,High,5376,13440,0,0,2200,48000,R&D,jonathan@competewith.com,Engineering,,TRUE
13895,Sarah,Smith,59701,TRUE,FALSE,TRUE,Sarah Smith,Female,sarah.smith@compete.com,13895,https://fake-demo-resources.competewith.com/Female/f21.png,Engineering,Software Engineer,11000,EUR,€,Monthly,11100,0.99,2,Meets expectations,1,Low,26,0,0,1.04,1,12,TRUE,TRUE,132000,137280,2.1,Low,3,High,5491.2,13728,0,0,550,0,R&D,jonathan@competewith.com,Engineering,,TRUE
64445,Jack,Williams,59701,,TRUE,TRUE,Jack Williams,Male,jack.williams@compete.com,64445,https://fake-demo-resources.competewith.com/Male/m25.png,Engineering,Software Engineer,40000,ILS,₪,Monthly,40100,1,2,Meets expectations,2,Medium,2,0,82500,0.28,1,12,FALSE,TRUE,480000,134400,1.7,Low,1,Low,5376,13440,0,23100,400,24000,R&D,jonathan@competewith.com,Engineering,,TRUE
36848,John,Jones,59701,,TRUE,TRUE,John Jones,Male,john.jones@compete.com,36848,,Engineering,Software Engineer,51000,ILS,₪,Monthly,41500,1.23,1,Below expectations,2,Medium,19,24000,105000,0.28,1,12,TRUE,FALSE,612000,171360,1.6,Low,2,Medium,6854.4,17136,6720,29400,1300,30600,R&D,jonathan@competewith.com,Engineering,,TRUE
62976,David,Johnson,77920,,TRUE,TRUE,David Johnson,Male,david.johnson@compete.com,62976,https://fake-demo-resources.competewith.com/Male/m24.png,HR,Recruiter,4500,GBP,£,Monthly,4700,0.96,3,Exceeds expectations,3,High,55,0,0,1.24,1,12,TRUE,TRUE,54000,66960,3,Low,3,High,2678.4,6696,0,0,250,5400,HR,laura.brown@compete.com,HR,,TRUE
29025,Brenda,Brown,77920,,TRUE,TRUE,Brenda Brown,Female,brenda.brown@compete.com,29025,,HR,Recruiter,57000,USD,$,Annual,57300,0.99,2,Meets expectations,2,Medium,36,0,0,1,0.08333333333,1,TRUE,TRUE,57000,57000,2.4,Low,3,High,2280,5700,0,0,1450,2850,HR,laura.brown@compete.com,HR,,TRUE
71193,Chris,Davis,77920,,TRUE,TRUE,Chris Davis,Male,chris.davis@compete.com,71193,https://fake-demo-resources.competewith.com/Male/m52.png,HR,Recruiter,6500,GBP,£,Monthly,4700,1.38,2,Meets expectations,2,Medium,7,0,0,1.24,1,12,FALSE,TRUE,78000,96720,2.4,Low,3,High,3868.8,9672,0,0,350,3900,HR,laura.brown@compete.com,HR,,TRUE
72711,Sharon,Davis,77920,,TRUE,TRUE,Sharon Davis,Female,sharon.davis@compete.com,72711,,HR,Recruiter,4000,GBP,£,Monthly,5200,0.77,2,Meets expectations,2,Medium,33,0,0,1.24,1,12,TRUE,TRUE,48000,59520,2.4,Low,3,High,2380.8,5952,0,0,200,2400,HR,laura.brown@compete.com,HR,,TRUE
91029,Nicole,Williams,77920,,TRUE,TRUE,Nicole Williams,Female,nicole.williams@compete.com,91029,https://fake-demo-resources.competewith.com/Female/f09.png,Product,Product Manager,7000,GBP,£,Monthly,9700,0.72,3,Exceeds expectations,2,Medium,12,0,0,1.24,1,12,TRUE,TRUE,84000,104160,2.8,Low,3,High,4166.4,10416,0,0,350,4200,Product,laura.brown@compete.com,Product,,TRUE
21219,Ashley,Wilson,77920,,TRUE,TRUE,Ashley Wilson,Female,ashley.wilson@compete.com,21219,,Product,Product Manager,9500,EUR,€,Monthly,10300,0.92,3,Exceeds expectations,3,High,31,1000,0,1.04,1,12,TRUE,TRUE,114000,118560,2.7,Low,2,Medium,4742.4,11856,1040,0,400,11400,Product,laura.brown@compete.com,Product,,TRUE
58525,Tom,Harris,77920,,TRUE,TRUE,Tom Harris,Male,tom.harris@compete.com,58525,https://fake-demo-resources.competewith.com/Male/m28.png,Product,Product Manager,11500,EUR,€,Monthly,9600,1.2,3,Exceeds expectations,2,Medium,16,3000,0,1.04,1,12,TRUE,TRUE,138000,143520,2.4,Low,2,Medium,5740.8,14352,3120,0,650,6900,Product,laura.brown@compete.com,Product,,TRUE
83797,Michael,Williams,77920,,TRUE,TRUE,Michael Williams,Male,michael.williams@compete.com,83797,https://fake-demo-resources.competewith.com/Male/m17.png,Product,Product Manager,9500,EUR,€,Monthly,9300,1.02,3,Exceeds expectations,2,Medium,39,2000,0,1.04,1,12,TRUE,TRUE,114000,118560,2.4,Low,2,Medium,4742.4,11856,2080,0,500,5700,Product,laura.brown@compete.com,Product,,TRUE
89905,Anthony,Smith,77920,,TRUE,TRUE,Anthony Smith,Male,anthony.smith@compete.com,89905,https://fake-demo-resources.competewith.com/Male/m10.png,Product,Product Manager,49000,ILS,₪,Monthly,51500,0.95,3,Exceeds expectations,2,Medium,15,24000,0,0.28,1,12,TRUE,TRUE,588000,164640,2.4,Low,2,Medium,6585.6,16464,6720,0,2450,29400,Product,laura.brown@compete.com,Product,,TRUE
68187,Anna,Smith,77920,,TRUE,TRUE,Anna Smith,Female,anna.smith@compete.com,68187,https://fake-demo-resources.competewith.com/Female/f24.png,Product,Product Manager,10500,EUR,€,Monthly,10500,1,2,Meets expectations,2,Medium,27,0,0,1.04,1,12,TRUE,TRUE,126000,131040,2.4,Low,3,High,5241.6,13104,0,0,550,6300,Product,laura.brown@compete.com,Product,,TRUE
28926,Chris,Williams,77920,,TRUE,TRUE,Chris Williams,Male,chris.williams@compete.com,28926,https://fake-demo-resources.competewith.com/Male/m38.png,Product,Product Manager,12500,GBP,£,Monthly,11000,1.14,2,Meets expectations,3,High,19,4000,25000,1.24,1,12,TRUE,TRUE,150000,186000,2.3,Low,2,Medium,7440,18600,4960,31000,550,15000,Product,laura.brown@compete.com,Product,,TRUE
63321,Michelle,Williams,77920,,TRUE,TRUE,Michelle Williams,Female,michelle.williams@compete.com,63321,https://fake-demo-resources.competewith.com/Female/f01.png,Product,Product Manager,11000,GBP,£,Monthly,9500,1.16,2,Meets expectations,3,High,27,1000,12500,1.24,1,12,TRUE,TRUE,132000,163680,2.3,Low,2,Medium,6547.2,16368,1240,15500,700,13200,Product,laura.brown@compete.com,Product,,TRUE
82289,Sarah,Miller,77920,TRUE,TRUE,TRUE,Sarah Miller,Female,sarah.miller@compete.com,82289,https://fake-demo-resources.competewith.com/Female/f21.png,Product,Product Manager,12500,GBP,£,Monthly,10600,1.18,2,Meets expectations,3,High,35,4000,0,1.24,1,12,TRUE,TRUE,150000,186000,2.3,Low,2,Medium,7440,18600,4960,0,700,15000,Product,laura.brown@compete.com,Product,,TRUE
31209,John,Clark,77920,,TRUE,TRUE,John Clark,Male,john.clark@compete.com,31209,https://fake-demo-resources.competewith.com/Male/m44.png,Product,Product Manager,51000,ILS,₪,Monthly,45800,1.11,2,Meets expectations,1,Low,22,0,0,0.28,1,12,TRUE,TRUE,612000,171360,2.1,Low,3,High,6854.4,17136,0,0,1300,0,Product,laura.brown@compete.com,Product,,TRUE
75110,Anna,Miller,77920,TRUE,TRUE,TRUE,Anna Miller,Female,anna.miller@compete.com,75110,,Product,Product Manager,8000,GBP,£,Monthly,9300,0.86,1,Below expectations,2,Medium,36,4000,0,1.24,1,12,TRUE,FALSE,96000,119040,1.6,Low,2,Medium,4761.6,11904,4960,0,100,4800,Product,laura.brown@compete.com,Product,,TRUE
18012,Chris,Moore,86256,,TRUE,TRUE,Chris Moore,Male,chris.moore@compete.com,18012,https://fake-demo-resources.competewith.com/Male/m50.png,Product,Product Designer,125000,USD,$,Annual,105900,1.18,3,Exceeds expectations,2,Medium,12,0,0,1,0.08333333333,1,TRUE,TRUE,125000,125000,2.8,Low,3,High,5000,12500,0,0,5650,6250,Product,laura.davis@compete.com,Product,,TRUE
21652,Laura,Johnson,86256,,TRUE,TRUE,Laura Johnson,Female,laura.johnson@compete.com,21652,https://fake-demo-resources.competewith.com/Female/f14.png,Product,Product Designer,20500,ILS,₪,Monthly,28400,0.72,3,Exceeds expectations,2,Medium,19,0,0,0.28,1,12,TRUE,TRUE,246000,68880,2.8,Low,3,High,2755.2,6888,0,0,700,12300,Product,laura.davis@compete.com,Product,,TRUE
51808,Emma,Smith,86256,,TRUE,TRUE,Emma Smith,Female,emma.smith@compete.com,51808,https://fake-demo-resources.competewith.com/Female/f10.png,Product,Product Designer,32500,ILS,₪,Monthly,29500,1.1,3,Exceeds expectations,2,Medium,20,0,0,0.28,1,12,TRUE,TRUE,390000,109200,2.8,Low,3,High,4368,10920,0,0,1650,19500,Product,laura.davis@compete.com,Product,,TRUE
35932,Chris,Jones,86256,,TRUE,TRUE,Chris Jones,Male,chris.jones@compete.com,35932,,Product,Product Designer,76500,USD,$,Annual,106600,0.72,2,Meets expectations,2,Medium,36,0,0,1,0.08333333333,1,TRUE,TRUE,76500,76500,2.4,Low,3,High,3060,7650,0,0,2300,3825,Product,laura.davis@compete.com,Product,,TRUE
92771,Kathleen,Wilson,86256,,TRUE,TRUE,Kathleen Wilson,Female,kathleen.wilson@compete.com,92771,https://fake-demo-resources.competewith.com/Female/f07.png,Product,Product Designer,6000,EUR,€,Monthly,5500,1.09,1,Below expectations,3,High,12,0,0,1.04,1,12,TRUE,FALSE,72000,74880,2.2,Low,3,High,2995.2,7488,0,0,150,7200,Product,laura.davis@compete.com,Product,,TRUE
51709,Anthony,Martin,86256,,TRUE,TRUE,Anthony Martin,Male,anthony.martin@compete.com,51709,https://fake-demo-resources.competewith.com/Male/m45.png,Product,Product Designer,20000,ILS,₪,Monthly,27900,0.72,2,Meets expectations,2,Medium,12,5000,0,0.28,1,12,TRUE,TRUE,240000,67200,2,Low,2,Medium,2688,6720,1400,0,400,12000,Product,laura.davis@compete.com,Product,,TRUE
82553,Ronald,Wilson,86256,,TRUE,TRUE,Ronald Wilson,Male,ronald.wilson@compete.com,82553,,Product,Product Designer,91000,USD,$,Annual,92000,0.99,1,Below expectations,2,Medium,17,22000,0,1,0.08333333333,1,TRUE,FALSE,91000,91000,1.6,Low,2,Medium,3640,9100,22000,0,5000,4550,Product,laura.davis@compete.com,Product,,TRUE
38786,Sarah,Martin,45018,,TRUE,TRUE,Sarah Martin,Female,sarah.martin@compete.com,38786,https://fake-demo-resources.competewith.com/Female/f16.png,Finance,Controller,8000,GBP,£,Monthly,9600,0.83,3,Exceeds expectations,3,High,14,0,0,1.24,1,12,TRUE,TRUE,96000,119040,3,Low,3,High,4761.6,11904,0,0,450,9600,Finance,michael.miller@compete.com,Finance,,TRUE
60609,David,Smith,45018,,TRUE,TRUE,David Smith,Male,david.smith@compete.com,60609,https://fake-demo-resources.competewith.com/Male/m24.png,Finance,Controller,131000,USD,$,Annual,120400,1.09,2,Meets expectations,3,High,29,0,0,1,0.08333333333,1,TRUE,TRUE,131000,131000,2.6,Low,3,High,5240,13100,0,0,7200,13100,Finance,michael.miller@compete.com,Finance,,TRUE
83060,Maria,Williams,45018,,TRUE,TRUE,Maria Williams,Female,maria.williams@compete.com,83060,https://fake-demo-resources.competewith.com/Female/f13.png,Finance,Controller,10500,GBP,£,Monthly,9100,1.15,3,Exceeds expectations,2,Medium,23,4000,0,1.24,1,12,TRUE,TRUE,126000,156240,2.4,Low,2,Medium,6249.6,15624,4960,0,300,6300,Finance,michael.miller@compete.com,Finance,,TRUE
66774,Michael,Martin,45018,,TRUE,TRUE,Michael Martin,Male,michael.martin@compete.com,66774,https://fake-demo-resources.competewith.com/Male/m30.png,Finance,Controller,131000,USD,$,Annual,106700,1.23,2,Meets expectations,2,Medium,20,0,0,1,0.08333333333,1,TRUE,TRUE,131000,131000,2.4,Low,3,High,5240,13100,0,0,6550,6550,Finance,michael.miller@compete.com,Finance,,TRUE
98194,Sarah,Moore,45018,,TRUE,TRUE,Sarah Moore,Female,sarah.moore@compete.com,98194,https://fake-demo-resources.competewith.com/Female/f13.png,Finance,Controller,11000,EUR,€,Monthly,9500,1.16,2,Meets expectations,2,Medium,40,0,0,1.04,1,12,TRUE,TRUE,132000,137280,2.4,Low,3,High,5491.2,13728,0,0,350,6600,Finance,michael.miller@compete.com,Finance,,TRUE
46662,Rebecca,Smith,45018,,TRUE,TRUE,Rebecca Smith,Female,rebecca.smith@compete.com,46662,https://fake-demo-resources.competewith.com/Female/f12.png,Finance,Controller,48000,ILS,₪,Monthly,50200,0.96,1,Below expectations,3,High,49,0,0,0.28,1,12,TRUE,FALSE,576000,161280,2.2,Low,3,High,6451.2,16128,0,0,2400,57600,Finance,michael.miller@compete.com,Finance,,TRUE
15344,Kimberly,Johnson,45018,,TRUE,TRUE,Kimberly Johnson,Female,kimberly.johnson@compete.com,15344,,Finance,Controller,8000,GBP,£,Monthly,8700,0.92,2,Meets expectations,2,Medium,46,2000,0,1.24,1,12,TRUE,TRUE,96000,119040,2,Low,2,Medium,4761.6,11904,2480,0,300,4800,Finance,michael.miller@compete.com,Finance,,TRUE
19739,Sarah,Johnson,45018,,TRUE,TRUE,Sarah Johnson,Female,sarah.johnson@compete.com,19739,https://fake-demo-resources.competewith.com/Female/f15.png,Finance,Controller,94000,USD,$,Annual,126900,0.74,1,Below expectations,3,High,29,34000,0,1,0.08333333333,1,TRUE,FALSE,94000,94000,1.9,Low,2,Medium,3760,9400,34000,0,2800,9400,Finance,michael.miller@compete.com,Finance,,TRUE
44592,David,Martin,45018,,TRUE,TRUE,David Martin,Male,david.martin@compete.com,44592,https://fake-demo-resources.competewith.com/Male/m17.png,Finance,Controller,7500,EUR,€,Monthly,9200,0.82,1,Below expectations,3,High,36,0,7500,1.04,1,12,TRUE,FALSE,90000,93600,1.9,Low,2,Medium,3744,9360,0,7800,250,9000,Finance,michael.miller@compete.com,Finance,,TRUE
55842,Ashley,Smith,82289,,TRUE,TRUE,Ashley Smith,Female,ashley.smith@compete.com,55842,https://fake-demo-resources.competewith.com/Female/f02.png,Sales,Sales Manager,11500,EUR,€,Monthly,8600,1.34,3,Exceeds expectations,2,Medium,17,0,0,1.04,1,12,TRUE,TRUE,138000,143520,2.8,Low,3,High,5740.8,14352,0,0,650,6900,Sales,sarah.miller@compete.com,Sales,,TRUE
46213,David,Wilson,82289,,TRUE,TRUE,David Wilson,Male,david.wilson@compete.com,46213,https://fake-demo-resources.competewith.com/Male/m09.png,Sales,Sales Manager,8000,EUR,€,Monthly,8600,0.93,2,Meets expectations,3,High,21,0,0,1.04,1,12,TRUE,TRUE,96000,99840,2.6,Low,3,High,3993.6,9984,0,0,450,9600,Sales,sarah.miller@compete.com,Sales,,TRUE
84509,David,Harris,82289,,TRUE,TRUE,David Harris,Male,david.harris@compete.com,84509,,Sales,Sales Manager,39500,ILS,₪,Monthly,38200,1.03,3,Exceeds expectations,2,Medium,17,0,37500,0.28,1,12,TRUE,TRUE,474000,132720,2.4,Low,2,Medium,5308.8,13272,0,10500,2150,23700,Sales,sarah.miller@compete.com,Sales,,TRUE
12799,Margaret,Brown,82289,,TRUE,TRUE,Margaret Brown,Female,margaret.brown@compete.com,12799,,Sales,Sales Manager,30500,ILS,₪,Monthly,33300,0.92,2,Meets expectations,2,Medium,20,0,0,0.28,1,12,TRUE,TRUE,366000,102480,2.4,Low,3,High,4099.2,10248,0,0,1550,18300,Sales,sarah.miller@compete.com,Sales,,TRUE
47498,Emily,Williams,82289,,TRUE,TRUE,Emily Williams,Female,emily.williams@compete.com,47498,https://fake-demo-resources.competewith.com/Female/f08.png,Sales,Sales Manager,9500,EUR,€,Monthly,9400,1.01,2,Meets expectations,2,Medium,18,0,0,1.04,1,12,TRUE,TRUE,114000,118560,2.4,Low,3,High,4742.4,11856,0,0,550,5700,Sales,sarah.miller@compete.com,Sales,,TRUE
84256,Sarah,Thompson,82289,,TRUE,TRUE,Sarah Thompson,Female,sarah.thompson@compete.com,84256,https://fake-demo-resources.competewith.com/Female/f15.png,Sales,Sales Manager,27500,ILS,₪,Monthly,36600,0.75,2,Meets expectations,2,Medium,17,0,0,0.28,1,12,TRUE,TRUE,330000,92400,2.4,Low,3,High,3696,9240,0,0,1500,16500,Sales,sarah.miller@compete.com,Sales,,TRUE
78213,Michael,Green,82289,,TRUE,TRUE,Michael Green,Male,michael.green@compete.com,78213,,Sales,Sales Manager,44000,ILS,₪,Monthly,37600,1.17,2,Meets expectations,2,Medium,19,0,100000,0.28,1,12,TRUE,TRUE,528000,147840,2,Low,2,Medium,5913.6,14784,0,28000,1100,26400,Sales,sarah.miller@compete.com,Sales,,TRUE
74087,John,Thompson,82289,,TRUE,TRUE,John Thompson,Male,john.thompson@compete.com,74087,,Sales,Sales Manager,7500,EUR,€,Monthly,7800,0.96,1,Below expectations,3,High,27,3000,17500,1.04,1,12,TRUE,FALSE,90000,93600,1.9,Low,2,Medium,3744,9360,3120,18200,250,9000,Sales,sarah.miller@compete.com,Sales,,TRUE
33907,Christopher,Miller,82289,,TRUE,TRUE,Christopher Miller,Male,christopher.miller@compete.com,33907,https://fake-demo-resources.competewith.com/Male/m22.png,Sales,Sales Manager,6500,EUR,€,Monthly,8900,0.73,1,Below expectations,2,Medium,19,0,12500,1.04,1,12,TRUE,FALSE,78000,81120,1.6,Low,2,Medium,3244.8,8112,0,13000,200,3900,Sales,sarah.miller@compete.com,Sales,,TRUE
69506,Christopher,Jones,13895,,TRUE,TRUE,Christopher Jones,Male,christopher.jones@compete.com,69506,https://fake-demo-resources.competewith.com/Male/m47.png,Engineering,QA Engineer,108500,USD,$,Annual,82400,1.32,3,Exceeds expectations,2,Medium,19,0,0,1,0.08333333333,1,TRUE,TRUE,108500,108500,2.8,Low,3,High,4340,10850,0,0,5950,5425,QA,sarah.smith@compete.com,Engineering,,TRUE
50974,Carolyn,Jones,13895,,TRUE,TRUE,Carolyn Jones,Female,carolyn.jones@compete.com,50974,https://fake-demo-resources.competewith.com/Female/f18.png,Engineering,QA Engineer,26000,ILS,₪,Monthly,24100,1.08,3,Exceeds expectations,2,Medium,25,0,27500,0.28,1,12,TRUE,TRUE,312000,87360,2.4,Low,2,Medium,3494.4,8736,0,7700,1300,15600,QA,sarah.smith@compete.com,Engineering,,TRUE
10954,Laura,Williams,13895,,TRUE,TRUE,Laura Williams,Female,laura.williams@compete.com,10954,https://fake-demo-resources.competewith.com/Female/f25.png,Engineering,QA Engineer,7500,EUR,€,Monthly,7100,1.06,2,Meets expectations,2,Medium,31,0,0,1.04,1,12,TRUE,TRUE,90000,93600,2.4,Low,3,High,3744,9360,0,0,400,4500,QA,sarah.smith@compete.com,Engineering,,TRUE
17304,Melissa,Williams,13895,,TRUE,TRUE,Melissa Williams,Female,melissa.williams@compete.com,17304,,Engineering,QA Engineer,31500,ILS,₪,Monthly,28700,1.1,2,Meets expectations,2,Medium,31,0,0,0.28,1,12,TRUE,TRUE,378000,105840,2.4,Low,3,High,4233.6,10584,0,0,2050,18900,QA,sarah.smith@compete.com,Engineering,,TRUE
20339,Chris,Smith,13895,,TRUE,TRUE,Chris Smith,Male,chris.smith@compete.com,20339,https://fake-demo-resources.competewith.com/Male/m41.png,Engineering,QA Engineer,8000,GBP,£,Monthly,6400,1.25,2,Meets expectations,2,Medium,19,0,0,1.24,1,12,TRUE,TRUE,96000,119040,2.4,Low,3,High,4761.6,11904,0,0,150,4800,QA,sarah.smith@compete.com,Engineering,,TRUE
31696,Tom,Johnson,13895,,TRUE,TRUE,Tom Johnson,Male,tom.johnson@compete.com,31696,https://fake-demo-resources.competewith.com/Male/m06.png,Engineering,QA Engineer,23000,ILS,₪,Monthly,23900,0.96,2,Meets expectations,2,Medium,2,0,0,0.28,1,12,FALSE,TRUE,276000,77280,1.7,Low,1,Low,3091.2,7728,0,0,450,13800,QA,sarah.smith@compete.com,Engineering,,TRUE
53147,Mark,Wilson,13895,,TRUE,TRUE,Mark Wilson,Male,mark.wilson@compete.com,53147,,Engineering,QA Engineer,24000,ILS,₪,Monthly,26300,0.91,2,Meets expectations,2,Medium,40,0,0,0.28,1,12,TRUE,TRUE,288000,80640,2.4,Low,3,High,3225.6,8064,0,0,850,14400,QA,sarah.smith@compete.com,Engineering,,TRUE
79100,Raymond,Miller,13895,,TRUE,TRUE,Raymond Miller,Male,raymond.miller@compete.com,79100,,Engineering,QA Engineer,74000,USD,$,Annual,90700,0.82,2,Meets expectations,2,Medium,4,0,0,1,0.08333333333,1,FALSE,TRUE,74000,74000,1.7,Low,1,Low,2960,7400,0,0,1100,3700,QA,sarah.smith@compete.com,Engineering,,TRUE
22169,Andrew,Jones,13895,,TRUE,TRUE,Andrew Jones,Male,andrew.jones@compete.com,22169,https://fake-demo-resources.competewith.com/Male/m19.png,Engineering,QA Engineer,6500,GBP,£,Monthly,6900,0.94,3,Exceeds expectations,1,Low,30,2000,0,1.24,1,12,TRUE,TRUE,78000,96720,2.2,Low,2,Medium,3868.8,9672,2480,0,350,0,QA,sarah.smith@compete.com,Engineering,,TRUE
71381,Nicholas,Johnson,13895,,TRUE,TRUE,Nicholas Johnson,Male,nicholas.johnson@compete.com,71381,https://fake-demo-resources.competewith.com/Male/m30.png,Engineering,QA Engineer,65500,USD,$,Annual,84400,0.78,1,Below expectations,2,Medium,28,0,0,1,0.08333333333,1,TRUE,FALSE,65500,65500,2,Low,3,High,2620,6550,0,0,2300,3275,QA,sarah.smith@compete.com,Engineering,,TRUE
11343,Emily,James,13895,,TRUE,TRUE,Emily James,Female,emily.james@compete.com,11343,https://fake-demo-resources.competewith.com/Female/f23.png,Finance,Accountant,6000,EUR,€,Monthly,4500,1.33,3,Exceeds expectations,2,Medium,17,0,0,1.04,1,12,TRUE,TRUE,72000,74880,2.8,Low,3,High,2995.2,7488,0,0,250,3600,Finance,sarah.smith@compete.com,Finance,,TRUE
38312,Tom,Jones,13895,,TRUE,TRUE,Tom Jones,Male,tom.jones@compete.com,38312,https://fake-demo-resources.competewith.com/Male/m43.png,Finance,Accountant,5000,GBP,£,Monthly,5000,1,3,Exceeds expectations,2,Medium,3,0,0,1.24,1,12,FALSE,TRUE,60000,74400,2.1,Low,1,Low,2976,7440,0,0,100,3000,Finance,sarah.smith@compete.com,Finance,,TRUE
84309,Chris,Stone,13895,,TRUE,TRUE,Chris Stone,Male,chris.stone@compete.com,84309,https://fake-demo-resources.competewith.com/Male/m33.png,Finance,Accountant,24000,ILS,₪,Monthly,24100,1,3,Exceeds expectations,2,Medium,36,0,0,0.28,1,12,TRUE,TRUE,288000,80640,2.8,Low,3,High,3225.6,8064,0,0,1200,14400,Finance,sarah.smith@compete.com,Finance,,TRUE
15140,Michael,Scott,13895,,TRUE,TRUE,Michael Scott,Male,michael.scott@compete.com,15140,,Finance,Accountant,4500,GBP,£,Monthly,5200,0.87,3,Exceeds expectations,1,Low,28,0,0,1.24,1,12,TRUE,TRUE,54000,66960,2.5,Low,3,High,2678.4,6696,0,0,250,0,Finance,sarah.smith@compete.com,Finance,,TRUE
33007,Chris,Clark,13895,,TRUE,TRUE,Chris Clark,Male,chris.clark@compete.com,33007,https://fake-demo-resources.competewith.com/Male/m44.png,Finance,Accountant,5500,GBP,£,Monthly,4600,1.2,3,Exceeds expectations,2,Medium,38,2000,0,1.24,1,12,TRUE,TRUE,66000,81840,2.4,Low,2,Medium,3273.6,8184,2480,0,300,3300,Finance,sarah.smith@compete.com,Finance,,TRUE
59779,Cynthia,Wilson,13895,,TRUE,TRUE,Cynthia Wilson,Female,cynthia.wilson@compete.com,59779,,Finance,Accountant,89000,USD,$,Annual,80400,1.11,3,Exceeds expectations,2,Medium,43,12000,0,1,0.08333333333,1,TRUE,TRUE,89000,89000,2.4,Low,2,Medium,3560,8900,12000,0,4450,4450,Finance,sarah.smith@compete.com,Finance,,TRUE
71306,Raymond,Williams,13895,,TRUE,TRUE,Raymond Williams,Male,raymond.williams@compete.com,71306,https://fake-demo-resources.competewith.com/Male/m36.png,Finance,Accountant,87000,USD,$,Annual,88900,0.98,3,Exceeds expectations,2,Medium,31,17000,0,1,0.08333333333,1,TRUE,TRUE,87000,87000,2.4,Low,2,Medium,3480,8700,17000,0,4350,4350,Finance,sarah.smith@compete.com,Finance,,TRUE
92119,Laura,Miller,13895,,TRUE,TRUE,Laura Miller,Female,laura.miller@compete.com,92119,https://fake-demo-resources.competewith.com/Female/f06.png,Finance,Accountant,4000,EUR,€,Monthly,4800,0.83,3,Exceeds expectations,2,Medium,32,1000,0,1.04,1,12,TRUE,TRUE,48000,49920,2.4,Low,2,Medium,1996.8,4992,1040,0,250,2400,Finance,sarah.smith@compete.com,Finance,,TRUE
38278,Anna,Anderson,13895,,TRUE,TRUE,Anna Anderson,Female,anna.anderson@compete.com,38278,https://fake-demo-resources.competewith.com/Female/f18.png,Finance,Accountant,5000,EUR,€,Monthly,4600,1.09,2,Meets expectations,2,Medium,28,0,0,1.04,1,12,TRUE,TRUE,60000,62400,2.4,Low,3,High,2496,6240,0,0,200,3000,Finance,sarah.smith@compete.com,Finance,,TRUE
30600,Ruth,Miller,13895,,TRUE,TRUE,Ruth Miller,Female,ruth.miller@compete.com,30600,https://fake-demo-resources.competewith.com/Female/f06.png,Finance,Accountant,83500,USD,$,Annual,80000,1.04,1,Below expectations,3,High,39,0,0,1,0.08333333333,1,TRUE,FALSE,83500,83500,2.2,Low,3,High,3340,8350,0,0,4600,8350,Finance,sarah.smith@compete.com,Finance,,TRUE
83669,Laura,Robinson,13895,,TRUE,TRUE,Laura Robinson,Female,laura.robinson@compete.com,83669,https://fake-demo-resources.competewith.com/Female/f10.png,Finance,Accountant,81500,USD,$,Annual,86900,0.94,1,Below expectations,3,High,25,0,0,1,0.08333333333,1,TRUE,FALSE,81500,81500,2.2,Low,3,High,3260,8150,0,0,4500,8150,Finance,sarah.smith@compete.com,Finance,,TRUE
53446,David,Williams,13895,,TRUE,TRUE,David Williams,Male,david.williams@compete.com,53446,https://fake-demo-resources.competewith.com/Male/m04.png,Finance,Accountant,4000,GBP,£,Monthly,4600,0.87,2,Meets expectations,2,Medium,40,0,7500,1.24,1,12,TRUE,TRUE,48000,59520,2,Low,2,Medium,2380.8,5952,0,9300,100,2400,Finance,sarah.smith@compete.com,Finance,,TRUE
43327,Christopher,Smith,13895,,TRUE,TRUE,Christopher Smith,Male,christopher.smith@compete.com,43327,https://fake-demo-resources.competewith.com/Male/m18.png,Finance,Accountant,3500,EUR,€,Monthly,4300,0.81,1,Below expectations,3,High,38,1000,0,1.04,1,12,TRUE,FALSE,42000,43680,1.9,Low,2,Medium,1747.2,4368,1040,0,100,4200,Finance,sarah.smith@compete.com,Finance,,TRUE
91659,Anthony,Wilson,69229,,TRUE,TRUE,Anthony Wilson,Male,anthony.wilson@compete.com,91659,https://fake-demo-resources.competewith.com/Male/m29.png,Marketing,SEO Analyst,6000,EUR,€,Monthly,5700,1.05,3,Exceeds expectations,2,Medium,60,0,0,1.04,1,12,TRUE,TRUE,72000,74880,2.8,Low,3,High,2995.2,7488,0,0,200,3600,Marketing,tom.davis@compete.com,Marketing,,TRUE
49246,Joshua,Johnson,69229,,TRUE,TRUE,Joshua Johnson,Male,joshua.johnson@compete.com,49246,,Marketing,SEO Analyst,21000,ILS,₪,Monthly,19100,1.1,2,Meets expectations,3,High,16,0,0,0.28,1,12,TRUE,TRUE,252000,70560,2.6,Low,3,High,2822.4,7056,0,0,1050,25200,Marketing,tom.davis@compete.com,Marketing,,TRUE
96387,Helen,Brown,69229,,TRUE,TRUE,Helen Brown,Female,helen.brown@compete.com,96387,https://fake-demo-resources.competewith.com/Female/f26.png,Marketing,SEO Analyst,16000,ILS,₪,Monthly,19600,0.82,3,Exceeds expectations,3,High,24,7000,0,0.28,1,12,TRUE,TRUE,192000,53760,2.7,Low,2,Medium,2150.4,5376,1960,0,900,19200,Marketing,tom.davis@compete.com,Marketing,,TRUE
37494,Sarah,Brown,69229,,TRUE,TRUE,Sarah Brown,Female,sarah.brown@compete.com,37494,https://fake-demo-resources.competewith.com/Female/f15.png,Marketing,SEO Analyst,6000,GBP,£,Monthly,5600,1.07,2,Meets expectations,2,Medium,24,0,0,1.24,1,12,TRUE,TRUE,72000,89280,2.4,Low,3,High,3571.2,8928,0,0,350,3600,Marketing,tom.davis@compete.com,Marketing,,TRUE
38919,David,Scott,69229,,TRUE,TRUE,David Scott,Male,david.scott@compete.com,38919,https://fake-demo-resources.competewith.com/Male/m07.png,Marketing,SEO Analyst,81500,USD,$,Annual,68600,1.19,2,Meets expectations,3,High,20,0,10000,1,0.08333333333,1,TRUE,TRUE,81500,81500,2.3,Low,2,Medium,3260,8150,0,10000,1650,8150,Marketing,tom.davis@compete.com,Marketing,,TRUE
47967,John,Miller,69229,,TRUE,TRUE,John Miller,Male,john.miller@compete.com,47967,https://fake-demo-resources.competewith.com/Male/m16.png,Marketing,SEO Analyst,58000,USD,$,Annual,70600,0.82,1,Below expectations,3,High,23,0,0,1,0.08333333333,1,TRUE,FALSE,58000,58000,2.2,Low,3,High,2320,5800,0,0,2900,5800,Marketing,tom.davis@compete.com,Marketing,,TRUE
56431,Laura,Wilson,69229,,TRUE,TRUE,Laura Wilson,Female,laura.wilson@compete.com,56431,https://fake-demo-resources.competewith.com/Female/f26.png,Marketing,SEO Analyst,5000,GBP,£,Monthly,5100,0.98,1,Below expectations,3,High,18,0,0,1.24,1,12,TRUE,FALSE,60000,74400,2.2,Low,3,High,2976,7440,0,0,250,6000,Marketing,tom.davis@compete.com,Marketing,,TRUE
24181,Emily,Brown,69229,,TRUE,TRUE,Emily Brown,Female,emily.brown@compete.com,24181,,Marketing,SEO Analyst,5500,EUR,€,Monthly,5800,0.95,2,Meets expectations,2,Medium,35,2000,0,1.04,1,12,TRUE,TRUE,66000,68640,2,Low,2,Medium,2745.6,6864,2080,0,150,3300,Marketing,tom.davis@compete.com,Marketing,,TRUE
87838,Brenda,Smith,69229,,TRUE,TRUE,Brenda Smith,Female,brenda.smith@compete.com,87838,https://fake-demo-resources.competewith.com/Female/f12.png,Marketing,SEO Analyst,6500,EUR,€,Monthly,6100,1.07,2,Meets expectations,2,Medium,17,2000,0,1.04,1,12,TRUE,TRUE,78000,81120,2,Low,2,Medium,3244.8,8112,2080,0,150,3900,Marketing,tom.davis@compete.com,Marketing,,TRUE
88294,Sarah,Davis,69229,,TRUE,TRUE,Sarah Davis,Female,sarah.davis@compete.com,88294,,Marketing,SEO Analyst,65000,USD,$,Annual,77200,0.84,1,Below expectations,2,Medium,41,0,0,1,0.08333333333,1,TRUE,FALSE,65000,65000,2,Low,3,High,2600,6500,0,0,1950,3250,Marketing,tom.davis@compete.com,Marketing,,TRUE
87283,Rachel,Wilson,69229,,TRUE,TRUE,Rachel Wilson,Female,rachel.wilson@compete.com,87283,,Marketing,SEO Analyst,76500,USD,$,Annual,65700,1.16,2,Meets expectations,1,Low,16,21000,0,1,0.08333333333,1,TRUE,TRUE,76500,76500,1.8,Low,2,Medium,3060,7650,21000,0,1900,0,Marketing,tom.davis@compete.com,Marketing,,TRUE
82037,David,Clark,69229,,TRUE,TRUE,David Clark,Male,david.clark@compete.com,82037,https://fake-demo-resources.competewith.com/Male/m13.png,Marketing,SEO Analyst,23500,ILS,₪,Monthly,21000,1.12,1,Below expectations,2,Medium,21,12000,0,0.28,1,12,TRUE,FALSE,282000,78960,1.6,Low,2,Medium,3158.4,7896,3360,0,1200,14100,Marketing,tom.davis@compete.com,Marketing,,TRUE
86246,Jane,Jones,69229,,TRUE,TRUE,Jane Jones,Female,jane.jones@compete.com,86246,https://fake-demo-resources.competewith.com/Female/f17.png,Product,UX Researcher,11000,EUR,€,Monthly,8000,1.38,3,Exceeds expectations,3,High,14,0,0,1.04,1,12,TRUE,TRUE,132000,137280,3,Low,3,High,5491.2,13728,0,0,550,13200,Design,tom.davis@compete.com,Product,,TRUE
40851,Jeffrey,Jones,69229,,TRUE,TRUE,Jeffrey Jones,Male,jeffrey.jones@compete.com,40851,https://fake-demo-resources.competewith.com/Male/m15.png,Product,UX Researcher,9500,GBP,£,Monthly,8200,1.16,2,Meets expectations,3,High,19,0,0,1.24,1,12,TRUE,TRUE,114000,141360,2.6,Low,3,High,5654.4,14136,0,0,500,11400,Design,tom.davis@compete.com,Product,,TRUE
41593,Anna,Wilson,69229,,TRUE,TRUE,Anna Wilson,Female,anna.wilson@compete.com,41593,https://fake-demo-resources.competewith.com/Female/f02.png,Product,UX Researcher,6500,EUR,€,Monthly,9000,0.72,3,Exceeds expectations,2,Medium,28,0,10000,1.04,1,12,TRUE,TRUE,78000,81120,2.4,Low,2,Medium,3244.8,8112,0,10400,300,3900,Design,tom.davis@compete.com,Product,,TRUE
76560,Anna,Jones,69229,,TRUE,TRUE,Anna Jones,Female,anna.jones@compete.com,76560,https://fake-demo-resources.competewith.com/Female/f16.png,Product,UX Researcher,23000,ILS,₪,Monthly,22400,1.03,3,Exceeds expectations,2,Medium,30,3000,0,0.28,1,12,TRUE,TRUE,276000,77280,2.4,Low,2,Medium,3091.2,7728,840,0,1150,13800,Design,tom.davis@compete.com,Product,,TRUE
79322,Sarah,Williams,69229,,TRUE,TRUE,Sarah Williams,Female,sarah.williams@compete.com,79322,https://fake-demo-resources.competewith.com/Female/f07.png,Product,UX Researcher,9500,GBP,£,Monthly,9200,1.03,3,Exceeds expectations,2,Medium,34,0,22500,1.24,1,12,TRUE,TRUE,114000,141360,2.4,Low,2,Medium,5654.4,14136,0,27900,550,5700,Design,tom.davis@compete.com,Product,,TRUE
58401,Amy,Brown,69229,,TRUE,TRUE,Amy Brown,Female,amy.brown@compete.com,58401,https://fake-demo-resources.competewith.com/Female/f09.png,Product,UX Researcher,112500,USD,$,Annual,117300,0.96,2,Meets expectations,2,Medium,10,0,0,1,0.08333333333,1,TRUE,TRUE,112500,112500,2.4,Low,3,High,4500,11250,0,0,4500,5625,Design,tom.davis@compete.com,Product,,TRUE
95107,Amanda,Williams,69229,,TRUE,TRUE,Amanda Williams,Female,amanda.williams@compete.com,95107,,Product,UX Researcher,7500,EUR,€,Monthly,8400,0.89,1,Below expectations,2,Medium,29,0,0,1.04,1,12,TRUE,FALSE,90000,93600,2,Low,3,High,3744,9360,0,0,250,4500,Design,tom.davis@compete.com,Product,,TRUE
20893,Shirley,Jones,69229,,TRUE,TRUE,Shirley Jones,Female,shirley.jones@compete.com,20893,https://fake-demo-resources.competewith.com/Female/f22.png,Product,UX Researcher,124000,USD,$,Annual,127600,0.97,1,Below expectations,2,Medium,26,16000,0,1,0.08333333333,1,TRUE,FALSE,124000,124000,1.6,Low,2,Medium,4960,12400,16000,0,3100,6200,Design,tom.davis@compete.com,Product,,TRUE
21941,Laura,Thompson,69229,,TRUE,TRUE,Laura Thompson,Female,laura.thompson@compete.com,21941,,Product,UX Researcher,7000,GBP,£,Monthly,7700,0.91,1,Below expectations,2,Medium,8,3000,0,1.24,1,12,TRUE,FALSE,84000,104160,1.6,Low,2,Medium,4166.4,10416,3720,0,250,4200,Design,tom.davis@compete.com,Product,,TRUE
36731,Kimberly,Williams,69229,,TRUE,TRUE,Kimberly Williams,Female,kimberly.williams@compete.com,36731,,Product,UX Researcher,6500,GBP,£,Monthly,8200,0.79,1,Below expectations,1,Low,23,0,10000,1.24,1,12,TRUE,FALSE,78000,96720,1.4,Low,2,Medium,3868.8,9672,0,12400,250,0,Design,tom.davis@compete.com,Product,,TRUE
92551,Amit,Rapaport,,TRUE,FALSE,FALSE,Amit Rapaport,Female,amit@competewith.com,92551,https://fake-demo-resources.competewith.com/Compete/amit.png,CEO,,,,,,,,,,,,,,,,,,,,,,,,,,,,,,,,,,,TRUE,FALSE